{
  "edit": true,
  "camPos": [
    4.428399491709158,
    -24.619363082149615,
    -137.212497523395
  ],
  "useComposer": true,
  "bloomPass": {
    "threshold": 0.0846740050804403,
    "strength": 0.9551227773073666,
    "radius": 1.0343776460626588
  },
  "bgColor": 1315860
}